S.N,Category,Implementation Item,Implementation By,Company Stage,Priority,Status,Target Date,Verification Gate,Verified,Verified By
ST-01,SCM & CI/CD,Branch Protections & Single PR Approvals,,For All,P0,Not Started,,Attempt direct push to main; push must be rejected.,No,
ST-02,SCM & CI/CD,Automated CI Pipelines for Main & Pull Requests,,For All,P0,Not Started,,Broken test must fail CI and block merge.,No,
ST-03,SCM & CI/CD,Automated Secret Scanning,,For All,P0,Not Started,,Dummy secret-like value must trigger scanner.,No,
ST-04,SCM & CI/CD,Backward-Compatible Migrations,,For All,P1,Not Started,,Simulate a rollback from Version $N+1$ to Version $N$ with the new schema; the older version must function without errors.,No,
ST-05,SCM & CI/CD,Progressive Delivery & Canary Deployments,,Optional For Startup,P1,Not Started,,Deploy a release configured to route 10% of traffic to a canary build; verify traffic splits accurately and automated rollback triggers if canary metrics fail.,No,
ST-06,Infrastructure,Managed Application Platforms,,For All,P1,Not Started,,Verify scaling and automatic TLS management.,No,
ST-07,Infrastructure,Infrastructure as Code,,For All,P1,Not Started,,Confirm infrastructure is tracked in IaC state.,No,
ST-08,Infrastructure,Isolated Staging & Production,,Optional For Startup,P0,Not Started,,Staging must not connect to production DB.,No,
ST-09,Infrastructure,"Edge Security, WAF & Ingress Rate Limiting
",,Optional For Startup,P1,Not Started,,Execute an automated script exceeding the allowed request threshold against an API endpoint; the gateway must return HTTP 429 Too Many Requests.,No,
ST-10,Infrastructure,Cloud FinOps Guardrails & Budget Ceilings,,For All,P0,Not Started,,Set a deliberate test billing notification threshold near current spend and verify automated notification arrives in the engineering alerting channel.,No,
ST-10,Testing & Quality,Core Integration & API Tests,,For All,P0,Not Started,,Run critical E2E/integration tests before production.,No,
ST-11,Testing & Quality,Pinned Dependencies & Security Audits,,Optional For Startup,P1,Not Started,,Lockfile exists and dependency alerts are enabled.,No,
ST-12,Security,Centralized Secret Management,,Optional For Startup,P0,Not Started,,No real production secrets in repositories.,No,
ST-13,Security,Container Vulnerability Scanning,,For All,P0,Not Started,,Known vulnerable image must be detected.,No,
ST-14,Security,Enforced Two-Factor Authentication,,For All,P0,Not Started,,Verify 2FA enforcement across critical SaaS tools.,No,
ST-15,Security,Secure Container Registries & Access Control,,For All,P0,Not Started,,Attempt to pull a production container image using an expired or unauthenticated token; request must be denied.,No,
ST-16,Observability,Centralized Exception Tracking,,Optional For Startup,P0,Not Started,,Controlled staging error must generate an alert.,No,
ST-17,Observability,Structured Log Aggregation & Search,,Optional For Startup,P0,Not Started,,Search by request_id and correlate logs.,No,
ST-18,Observability,Uptime Monitoring & Paging Alerts,,Optional For Startup,P0,Not Started,,Simulated 503 must trigger an alert.,No,
ST-19,Observability,"Golden Signals, SLIs & SLO Tracking",,Optional For Startup,P2,Not Started,,"Simulate artificial database latency on an endpoint; verify p99 latency alerts trigger even while basic uptime checks pass.
",No,
ST-20,Observability,Distributed APM & OpenTelemetry Tracing,,Optional For Startup,P2,,,Make a request touching multiple backend components and locate its complete end-to-end trace waterfall in the tracing dashboard.,No,
ST-21,Observability,On-Call Rotation & Incident Routing,,Optional For Startup,P1,Not Started,,Trigger a critical alert outside working hours and confirm it pages the designated on-call engineer.,No,
ST-22,Disaster Recovery,Rollback Procedure & One-Click Reverts,,Optional For Startup,P0,Not Started,,Rollback to previous stable release successfully.,No,
ST-23,Disaster Recovery,Database Backups & PITR,,Optional For Startup,P0,Not Started,,Complete a restore drill and verify integrity.,No,