S.N,Category,Company Stage,Implementation By,Implementation Item,Priority,Status,Target Date,Verification Gate,Verified,Verified By
ST-01,SCM & CI/CD,For All,,Branch Protections & Single PR Approvals,P0,Not Started,,Attempt direct push to main; push must be rejected.,No,
ST-02,SCM & CI/CD,For All,,Automated CI Pipelines for Main & Pull Requests,P0,Not Started,,Broken test must fail CI and block merge.,No,
ST-03,SCM & CI/CD,For All,,Automated Secret Scanning,P0,Not Started,,Dummy secret-like value must trigger scanner.,No,
ST-06,Infrastructure,For All,,Managed Application Platforms,P1,Not Started,,Verify scaling and automatic TLS management.,No,
ST-07,Infrastructure,For All,,Infrastructure as Code,P1,Not Started,,Confirm infrastructure is tracked in IaC state.,No,
ST-08,Infrastructure,Optional For Startup,,Isolated Staging & Production,P0,Not Started,,Staging must not connect to production DB.,No,
ST-10,Testing & Quality,For All,,Core Integration & API Tests,P0,Not Started,,Run critical E2E/integration tests before production.,No,
ST-11,Testing & Quality,Optional For Startup,,Pinned Dependencies & Security Audits,P1,Not Started,,Lockfile exists and dependency alerts are enabled.,No,
ST-12,Security,Optional For Startup,,Centralized Secret Management,P0,Not Started,,No real production secrets in repositories.,No,
ST-14,Security,For All,,Enforced Two-Factor Authentication,P0,Not Started,,Verify 2FA enforcement across critical SaaS tools.,No,
ST-13,Security,For All,,Container Vulnerability Scanning,P0,Not Started,,Known vulnerable image must be detected.,No,
ST-16,Observability,Optional For Startup,,Centralized Exception Tracking,P0,Not Started,,Controlled staging error must generate an alert.,No,
ST-17,Observability,Optional For Startup,,Structured Log Aggregation & Search,P0,Not Started,,Search by request_id and correlate logs.,No,
ST-18,Observability,Optional For Startup,,Uptime Monitoring & Paging Alerts,P0,Not Started,,Simulated 503 must trigger an alert.,No,
ST-23,Disaster Recovery,Optional For Startup,,Database Backups & PITR,P0,Not Started,,Complete a restore drill and verify integrity.,No,
ST-22,Disaster Recovery,Optional For Startup,,Rollback Procedure & One-Click Reverts,P0,Not Started,,Rollback to previous stable release successfully.,No,
ST-21,Observability,Optional For Startup,,On-Call Rotation & Incident Routing,P1,Not Started,,Trigger a critical alert outside working hours and confirm it pages the designated on-call engineer.,No,
ST-15,Security,For All,,Secure Container Registries & Access Control,P0,Not Started,,Attempt to pull a production container image using an expired or unauthenticated token; request must be denied.,No,
ST-04,SCM & CI/CD,For All,,Backward-Compatible Migrations,P1,Not Started,,Simulate a rollback from Version $N+1$ to Version $N$ with the new schema; the older version must function without errors.,No,
ST-05,SCM & CI/CD,Optional For Startup,,Progressive Delivery & Canary Deployments,P1,Not Started,,Deploy a release configured to route 10% of traffic to a canary build; verify traffic splits accurately and automated rollback triggers if canary metrics fail.,No,
ST-09,Infrastructure,Optional For Startup,,"Edge Security, WAF & Ingress Rate Limiting
",P1,Not Started,,Execute an automated script exceeding the allowed request threshold against an API endpoint; the gateway must return HTTP 429 Too Many Requests.,No,
ST-10,Infrastructure,For All,,Cloud FinOps Guardrails & Budget Ceilings,P0,Not Started,,Set a deliberate test billing notification threshold near current spend and verify automated notification arrives in the engineering alerting channel.,No,
ST-19,Observability,Optional For Startup,,"Golden Signals, SLIs & SLO Tracking",P2,Not Started,,"Simulate artificial database latency on an endpoint; verify p99 latency alerts trigger even while basic uptime checks pass.
",No,
ST-20,Observability,Optional For Startup,,Distributed APM & OpenTelemetry Tracing,P2,,,Make a request touching multiple backend components and locate its complete end-to-end trace waterfall in the tracing dashboard.,No,